1,VXF-15 D2,,,,"VXF-15 | 15"" 3,000 Watt Max Power Car Subwoofer - Dual 2 Ohm",0.00,0.00,0.00,0.00,AISLE: 7 || LEVEL: 1 || LOC: A3,0,,yes,,
2,TX65,,,,"Skar Audio TX65 6.5"" 200W 2-Way Elite Coaxial Car Speakers, Pair",0.00,0.00,0.00,0.00,AISLE: 5 || LEVEL: 1 || LOC: A1/2,0,,yes,,
3,AWX65PB,,,,,0.00,0.00,0.00,0.00,,0,,yes,,
4,AWX65PW,,,,"Skar Audio AWX65PW 6.5"" 2-Way All-Weather Indoor/Outdoor Speakers - White (Pair)",0.00,0.00,0.00,0.00,,0,,yes,,
5,DDX-10 D2,,,,"Skar Audio DDX-10 D2 10"" 1500 Watt Max Power Dual 2 Ohm Car Subwoofer",0.00,0.00,0.00,0.00,AISLE: 4 || LEVEL: 1 || LOC: A9,0,,yes,,
6,DDX-10 D4,,,,"DDX-10 | 10"" 1,500 Watt Max Power Car Subwoofer - Dual 4 Ohm",0.00,0.00,0.00,0.00,AISLE: 4 || LEVEL: 1 || LOC: A10,0,,yes,,
7,DDX-12 D2,,,,"Skar Audio DDX-12 D2 12"" 1500 Watt Max Power Dual 2 Ohm Car Subwoofer",0.00,0.00,0.00,0.00,AISLE: 4 || LEVEL: 1 || LOC: A11,0,,yes,,
8,DDX-12 D4,,,,"Skar Audio DDX-12 D4 12"" 1500 Watt Max Power Dual 4 Ohm Car Subwoofer",0.00,0.00,0.00,0.00,AISLE: 4 || LEVEL: 1 || LOC: A12,0,,yes,,
9,DDX-15 D2,,,,"Skar Audio DDX-15 D2 15"" 1500 Watt Max Power Dual 2 Ohm Car Subwoofer",0.00,0.00,0.00,0.00,AISLE: 4 || LEVEL: 1 || LOC: A13,0,,yes,,
10,DDX-15 D4,,,,"Skar Audio DDX-15 D4 15"" 1500 Watt Max Power Dual 4 Ohm Car Subwoofer",0.00,0.00,0.00,0.00,AISLE: 4 || LEVEL: 1 || LOC: A14,0,,yes,,
11,DNR-15 D1,,,,"DNR-15 | 15"" 5,000 Watt RMS Competition Car Subwoofer - Dual 1 Ohm",0.00,0.00,0.00,0.00,AISLE: 0 || LEVEL: 1 || LOC: A9,0,,yes,,
12,DNR-15 D2,,,,"DNR-15 | 15"" 5,000 Watt RMS Competition Car Subwoofer - Dual 2 Ohm",0.00,0.00,0.00,0.00,AISLE: 0 || LEVEL: 1 || LOC: A10,0,,yes,,
13,EVL-10 D2,,,,"EVL-10 | 10"" 2,000 Watt Max Power Car Subwoofer - Dual 2 Ohm",0.00,0.00,0.00,0.00,AISLE: 3 || LEVEL: 1 || LOC: A5,0,,yes,,
14,EVL-10 D4,,,,"Skar Audio EVL-10 D4 10"" 2000 Watt Max Power Dual 4 Ohm Car Subwoofer",10.00,1.00,3.00,6.00,AISLE: 3 || LEVEL: 1 || LOC: A6,0,,yes,,
15,EVL-12 D2,,,,"EVL-12 | 12"" 2,500 Watt Max Power Car Subwoofer - Dual 2 Ohm",0.00,0.00,0.00,0.00,AISLE: 3 || LEVEL: 1 || LOC: A7,0,,yes,,
16,EVL-12 D4,,,,"EVL-12 | 12"" 2,500 Watt Max Power Car Subwoofer - Dual 4 Ohm",0.00,0.00,0.00,0.00,AISLE: 3 || LEVEL: 1 || LOC: A8,0,,yes,,
17,EVL-15 D2,,,,"Skar Audio EVL-15 D2 15"" 2500 Watt Max Power Dual 2 Ohm Car Subwoofer",0.00,0.00,0.00,0.00,AISLE: 3 || LEVEL: 1 || LOC: A9,0,,yes,,
18,EVL-15 D4,,,,"EVL-15 | 15"" 2,500 Watt Max Power Car Subwoofer - Dual 4 Ohm",0.00,0.00,0.00,0.00,AISLE: 3 || LEVEL: 1 || LOC: A10,0,,yes,,
19,EVL-18 D2,,,,"EVL-18 | 18"" 2,500 Watt Max Power Car Subwoofer - Dual 2 Ohm",0.00,0.00,0.00,0.00,AISLE: 3 || LEVEL: 1 || LOC: A11,0,,yes,,
20,EVL-18 D4,,,,"EVL-18 | 18"" 2,500 Watt Max Power Car Subwoofer - Dual 4 Ohm",0.00,0.00,0.00,0.00,AISLE: 3 || LEVEL: 1 || LOC: A12,0,,yes,,
21,EVL-1X10D2,,,,"Single 10"" 2,000 Watt EVL Series Loaded Vented Subwoofer Enclosure",0.00,0.00,0.00,0.00,AISLE: 8 || LEVEL: 1 || LOC: A15,0,,yes,,
22,EVL-1X12D2,,,,"Skar Audio Single 12"" 2500W Loaded EVL Series Vented Subwoofer Enclosure | EVL-1X12D2",0.00,0.00,0.00,0.00,AISLE: 8 || LEVEL: 1 || LOC: A14,0,,yes,,
23,EVL-1X15D2,,,,"Skar Audio Single 15"" 2500W Loaded EVL Series Vented Subwoofer Enclosure | EVL-1X15D2",0.00,0.00,0.00,0.00,AISLE: 8 || LEVEL: 1 || LOC: A13,0,,yes,,
24,EVL-1X18D2,,,,EVL-1X18D2,0.00,0.00,0.00,0.00,,0,,yes,,
25,EVL-2X10D4,,,,"Skar Audio Dual 10"" 4000W Loaded EVL Series Vented Subwoofer Enclosure | EVL-2X10D4",0.00,0.00,0.00,0.00,AISLE: 8 || LEVEL: 1 || LOC: A12,0,,yes,,
26,EVL-2X12D4,,,,"Dual 12"" 5,000 Watt EVL Series Loaded Vented Subwoofer Enclosure - Dual 12"" 5,000 Watt EVL Series Loaded Vented Subwoofer Enclosure",0.00,0.00,0.00,0.00,AISLE: 8 || LEVEL: 1 || LOC: A11,0,no,yes,,
27,EVL-2X15D4,,,,"Skar Audio Dual 15"" 5000W Loaded EVL Series Vented Subwoofer Enclosure | EVL-2X15D4",0.00,0.00,0.00,0.00,,0,,yes,,
28,EVL-65 D2,,,,"Skar Audio EVL-65 D2 6.5"" 400 Watt Max Power Dual 2 Ohm Car Subwoofer",0.00,0.00,0.00,0.00,AISLE: 3 || LEVEL: 1 || LOC: A1,0,,yes,,
29,EVL-65 D4,,,,"Skar Audio EVL-65 D4 6.5"" 400 Watt Max Power Dual 4 Ohm Car Subwoofer",0.00,0.00,0.00,0.00,AISLE: 3 || LEVEL: 1 || LOC: A2,0,,yes,,
30,FSX10-4,,,,"FSX10 | 10"" 400 Watt Mid-Range Loudspeaker - Single 4 Ohm",0.00,0.00,0.00,0.00,AISLE: 6 || LEVEL: 1 || LOC: A7,0,,yes,,
31,FSX10-8,,,,Skar Audio FSX10-8 400-Watt Single 10-Inch 8 Ohm Mid-Range Loudspeaker,0.00,0.00,0.00,0.00,AISLE: 6 || LEVEL: 1 || LOC: A8,0,,yes,,
32,FSX65-4,,,,"FSX65 | 6.5"" 300 Watt Mid-Range Loudspeaker - Single 4 Ohm",0.00,0.00,0.00,0.00,AISLE: 6 || LEVEL: 1 || LOC: A3,0,,yes,,
33,FSX65-8,,,,Skar Audio FSX65-8 300-Watt Single 6.5-Inch 8 Ohm Mid-Range Loudspeaker,0.00,0.00,0.00,0.00,AISLE: 6 || LEVEL: 1 || LOC: A4,0,,yes,,
34,FSX8-4,,,,"FSX8 | 8"" 350 Watt Mid-Range Loudspeaker - Single 4 Ohm",0.00,0.00,0.00,0.00,AISLE: 6 || LEVEL: 1 || LOC: A5,0,,yes,,
35,FSX8-8,,,,Skar Audio FSX8-8 350-Watt Single 8-Inch 8 Ohm Mid-Range Loudspeaker,0.00,0.00,0.00,0.00,AISLE: 6 || LEVEL: 1 || LOC: A6,0,,yes,,
36,IX-10 D2,,,,"Skar Audio IX-10 D2 10"" 400 Watt Max Power Dual 2 Ohm Car Subwoofer",0.00,0.00,0.00,0.00,AISLE: 5 || LEVEL: 1 || LOC: A13,0,,yes,,
37,IX-10 D4,,,,"NEW SKAR AUDIO IX-10 D4 10"" 400 WATT MAX POWER DUAL 4 OHM CAR SUBWOOFER",0.00,0.00,0.00,0.00,AISLE: 5 || LEVEL: 1 || LOC: A14,0,,yes,,
38,IX-12 D2,,,,"Skar Audio IX-12 D2 12"" 500 Watt Max Power Dual 2 Ohm Car Subwoofer",0.00,0.00,0.00,0.00,AISLE: 5 || LEVEL: 1 || LOC: A11,0,,yes,,
39,IX-12 D4,,,,"Skar Audio IX-12 D4 12"" 500 Watt Max Power Dual 4 Ohm Car Subwoofer",0.00,0.00,0.00,0.00,AISLE: 5 || LEVEL: 1 || LOC: A12,0,,yes,,
40,IX-1X8D2,,,,"Skar Audio Single 8"" 300W Dual 2 Ohm Loaded Sealed Subwoofer Enclosure | IX-1X8D2",0.00,0.00,0.00,0.00,AISLE: 5 || LEVEL: 2 || LOC: B15,0,,yes,,
41,IX-3X12D2,,,,"Skar Audio Triple 12"" 1500W Dual 2 Ohm Loaded Sealed Rear Firing Subwoofer Enclosure | IX-3X12D2",0.00,0.00,0.00,0.00,AISLE: 1 || LEVEL: 1 || LOC: A17,0,,yes,,
42,IX-8 D2,,,,"Skar Audio IX-8 D2 8"" 300 Watt Max Power Dual 2 Ohm Car Subwoofer",0.00,0.00,0.00,0.00,AISLE: 5 || LEVEL: 1 || LOC: A15,0,,yes,,
43,IX-8 D4,,,,"IX-8 | 8"" 300 Watt Max Power Car Subwoofer - Dual 4 Ohm",0.00,0.00,0.00,0.00,AISLE: 5 || LEVEL: 1 || LOC: A16,0,,yes,,
44,IX10D4-2X10VENTED,,,,"Skar Audio Dual 10"" 800W Dual 4 Ohm Loaded Vented Subwoofer Enclosure | IX10D4-2X10VENTED",0.00,0.00,0.00,0.00,,0,,yes,,
45,IX12D2-2X12VENTED,,,,"Dual 12"" 1,000 Watt IX Series Loaded Vented Subwoofer Enclosure - D2 - Wired to 2 Ohm Final Load",0.00,0.00,0.00,0.00,No Location Yet (IN STOCK),0,,yes,,
46,IX12D4-2X12VENTED,,,,"Dual 12"" 1,000 Watt IX Series Loaded Vented Subwoofer Enclosure - D4 - Wired to 1 Ohm Final Load",0.00,0.00,0.00,0.00,No Location Yet (IN STOCK),0,,yes,,
47,MA-8 D2,,,,"MA-8 | 8"" 800 Watt Max Power Car Subwoofer - Dual 2 Ohm",0.00,0.00,0.00,0.00,AISLE: 7 || LEVEL: 2 || LOC: B5,0,,yes,,
48,MA-8 D4,,,,"Skar Audio MA-8 D4 8"" 800 Watt Max Power Dual 4 Ohm SPL Car Subwoofer",0.00,0.00,0.00,0.00,AISLE: 7 || LEVEL: 2 || LOC: B6,0,,yes,,
49,NDX33-ST,,,,"NDX33-ST | 3.3"" High Compression Neodymium Super Tweeters - Pair",0.00,0.00,0.00,0.00,AISLE: 6 || LEVEL: 3 || LOC: C9,0,,yes,,
50,NPX10-4,,,,"NPX10 | 10"" 400 Watt Mid-Range Loudspeaker - Single 4 Ohm",0.00,0.00,0.00,0.00,AISLE: 1 || LEVEL: 2 || LOC: B7,0,,yes,,
51,NPX10-8,,,,"NPX10 | 10"" 400 Watt Mid-Range Loudspeaker - Single 8 Ohm",0.00,0.00,0.00,0.00,AISLE: 1 || LEVEL: 2 || LOC: B8,0,,yes,,
52,NPX65-4,,,,"NPX65 | 6.5"" 300 Watt Mid-Range Loudspeaker - Single 4 Ohm",0.00,0.00,0.00,0.00,AISLE: 1 || LEVEL: 2 || LOC: B5,0,,yes,,
53,NPX65-8,,,,"NPX65 | 6.5"" 300 Watt Mid-Range Loudspeaker - Single 8 Ohm",0.00,0.00,0.00,0.00,AISLE: 1 || LEVEL: 2 || LOC: B6,0,,yes,,
54,NPX8-4,,,,"NPX8 | 8"" 350 Watt Mid-Range Loudspeaker - Single 4 Ohm",0.00,0.00,0.00,0.00,AISLE: 1 || LEVEL: 1 || LOC: A5,0,,yes,,
55,NPX8-8,,,,"NPX8 | 8"" 350 Watt Mid-Range Loudspeaker - Single 8 Ohm",0.00,0.00,0.00,0.00,AISLE: 1 || LEVEL: 1 || LOC: A6,0,,yes,,
56,PAX65-4,,,,"PAX65 | 6.5"" 520 Watt Mid-Range Neodymium Loudspeaker - Single 4 Ohm",0.00,0.00,0.00,0.00,Out of Stock - No Current Location,0,,yes,,
57,PAX65-8,,,,"PAX65 | 6.5"" 520 Watt Mid-Range Neodymium Loudspeaker - Single 8 Ohm",0.00,0.00,0.00,0.00,Out of Stock - No Current Location,0,,yes,,
58,PD1-X,,,,"PD1-X | 1"" 200 Watt High-Efficiency Compression Horn Driver - Skar Audio PD1-X 1-Inch 200 Watt Horn Driver",0.00,0.00,0.00,0.00,AISLE: 6 || LEVEL: 3 || LOC: C10,0,,yes,,
59,RP-1200.1D,,,,"RP-1200.1D | 1,200 Watt Monoblock Car Amplifier - Skar Audio RP-1200.1D 1200 Watt Class D Monoblock Amplifier",0.00,0.00,0.00,0.00,AISLE: 4 || LEVEL: 1 || LOC: A1,0,,yes,,
60,RP-150.4AB,,,,"RP-150.4AB | 1,000 Watt 4-Channel Car Amplifier - Skar Audio RP-150.4AB 1000 Watt Class AB 4-Channel Amplifier",0.00,0.00,0.00,0.00,AISLE: 4 || LEVEL: 1 || LOC: A3,0,,yes,,
61,RP-150.4ABM,,,,"Skar Audio RP-150.4ABM 1,000 Watt Full-Range Class A/B 4-Channel Marine Amplifier",0.00,0.00,0.00,0.00,,0,,yes,,
62,RP-1500.1D,,,,"RP-1500.1D | 1,500 Watt Monoblock Car Amplifier - Skar Audio RP-1500.1D 1500 Watt Class D Monoblock Amplifier",0.00,0.00,0.00,0.00,AISLE: 6 || LEVEL: 1 || LOC: A2,0,,yes,,
63,RP-1500.1DM,,,,"RP-1500.1DM | 1,500 Watt Monoblock Marine Amplifier - Skar Audio RP-1500.1DM Monoblock 1500W Class D MOSFET Marine Amplifier",0.00,0.00,0.00,0.00,,0,,yes,,
64,RP-2000.1D,,,,"Skar Audio RP-2000.1D Monoblock Class D MOSFET Amplifier with Remote Subwoofer Level Control, 2000W",0.00,0.00,0.00,0.00,AISLE: 6 || LEVEL: 1 || LOC: A1,0,,yes,,
65,RP-350.1D,,,,"Skar Audio RP-350.1D Monoblock Class D MOSFET Amplifier with Remote Subwoofer Level Control, 350W",0.00,0.00,0.00,0.00,AISLE: 5 || LEVEL: 1 || LOC: A9,0,,yes,,
66,RP-3500.1D,,,,"RP-3500.1D | 3,500 Watt Monoblock Car Amplifier - Skar Audio RP-3500.1D 3500 Watt Class D Monoblock Amplifier",0.00,0.00,0.00,0.00,AISLE: 3 || LEVEL: 1 || LOC: A15,0,,yes,,
67,RP-4500.1D,,,,"RP-4500.1D | 4,500 Watt Monoblock Car Amplifier - Skar Audio RP-4500.1D 4500 Watt Class D Monoblock Amplifier",0.00,0.00,0.00,0.00,AISLE: 3 || LEVEL: 1 || LOC: A16,0,,yes,,
68,RP-600.5,,,,RP-600.5 | 700 Watt 5-Channel Car Amplifier - Skar Audio RP-600.5 700 Watt 5-Channel Amplifier,0.00,0.00,0.00,0.00,AISLE: 5 || LEVEL: 1 || LOC: A10,0,,yes,,
69,RP-75.4AB,,,,RP-75.4AB | 500 Watt 4-Channel Car Amplifier - Skar Audio RP-75.4AB 500 Watt Class AB 4-Channel Amplifier,0.00,0.00,0.00,0.00,AISLE: 4 || LEVEL: 1 || LOC: A4,0,,yes,,
70,RP-75.4ABM,,,,Skar Audio RP-75.4ABM 500 Watt Full-Range Class A/B 4-Channel Marine Amplifier,0.00,0.00,0.00,0.00,,0,,yes,,
71,RP-800.1D,,,,RP-800.1D,0.00,0.00,0.00,0.00,AISLE: 4 || LEVEL: 1 || LOC: A2,0,,yes,,
72,RP-800.1DM,,,,Skar Audio RP-800.1DM 800 Watt Monoblock Class D Marine Subwoofer Amplifier,0.00,0.00,0.00,0.00,,0,,yes,,
73,RPX4,,,,"Skar Audio RPX4 120 Watt 2-Way 4"" Coaxial Speaker System, Pair",0.00,0.00,0.00,0.00,AISLE: 1 || LEVEL: 1 || LOC: A7,0,,yes,,
74,RPX46,,,,"RPX46 | 4"" x 6"" 150 Watt Coaxial Car Speakers - Pair - Skar Audio RPX46 4-Inch x 6-Inch 2-Way Coaxial Speakers - Pair",0.00,0.00,0.00,0.00,AISLE: 1 || LEVEL: 1 || LOC: A8,0,,yes,,
75,RPX525,,,,"Skar Audio RPX525 5.25"" 150W 2-Way Coaxial Car Speakers, Pair",0.00,0.00,0.00,0.00,AISLE: 1 || LEVEL: 1 || LOC: A9,0,,yes,,
76,RPX65,,,,"Skar Audio RPX65 6.5"" 200W 2-Way Coaxial Car Speakers, Pair",0.00,0.00,0.00,0.00,AISLE: 1 || LEVEL: 1 || LOC: A10,0,,yes,,
77,RPX68,,,,Skar Audio RPX68 6-Inch x 8-Inch 2-Way 210 Watt Coaxial Speakers - Pair,0.00,0.00,0.00,0.00,AISLE: 1 || LEVEL: 1 || LOC: A11,0,,yes,,
78,RPX69,,,,"Skar Audio RPX69 6"" x 9"" 270W 3-Way Coaxial Car Speakers, Pair",0.00,0.00,0.00,0.00,AISLE: 1 || LEVEL: 1 || LOC: A12,0,,yes,,
79,SDR-10 D2,,,,"Skar Audio SDR-10 D2 10"" 1200 Watt Max Power Dual 2 Ohm Car Subwoofer",0.00,0.00,0.00,0.00,AISLE: 2 || LEVEL: 1 || LOC: A3,0,,yes,,
80,SDR-10 D4,,,,"SKAR AUDIO SDR-10 D4 10"" 1200 WATT MAX POWER DUAL 4 OHM CAR SUBWOOFER",0.00,0.00,0.00,0.00,AISLE: 2 || LEVEL: 1 || LOC: A4,0,,yes,,
81,SDR-12 D2,,,,"Skar Audio SDR-12 D2 12"" 1200 Watt Max Power Dual 2 Ohm Car Subwoofer",0.00,0.00,0.00,0.00,AISLE: 2 || LEVEL: 1 || LOC: A1,0,,yes,,
82,SDR-12 D4,,,,"Skar Audio SDR-12 D4 12"" 1200 Watt Max Power Dual 4 Ohm Car Subwoofer",0.00,0.00,0.00,0.00,AISLE: 2 || LEVEL: 1 || LOC: A2,0,,yes,,
83,SDR-15 D2,,,,"SKAR AUDIO SDR-15 D2 15"" 1200 WATT MAX POWER DUAL 2 OHM CAR SUBWOOFER",0.00,0.00,0.00,0.00,AISLE: 1 || LEVEL: 1 || LOC: A3,0,,yes,,
84,SDR-15 D4,,,,"SKAR AUDIO SDR-15 D4 15"" 1200 WATT MAX POWER DUAL 4 OHM CAR SUBWOOFER",0.00,0.00,0.00,0.00,AISLE: 1 || LEVEL: 1 || LOC: A4,0,,yes,,
85,SDR-18 D2,,,,"SDR-18 | 18"" 1,200 Watt Max Power Car Subwoofer - Dual 2 Ohm",0.00,0.00,0.00,0.00,AISLE: 1 || LEVEL: 1 || LOC: A1,0,,yes,,
86,SDR-18 D4,,,,"SKAR AUDIO SDR-18 D4 18"" 1200 WATT MAX POWER DUAL 4 OHM CAR SUBWOOFER",0.00,0.00,0.00,0.00,AISLE: 1 || LEVEL: 1 || LOC: A2,0,,yes,,
87,SDR-1X10D2,,,,"Skar Audio Single 10"" 1200W Loaded SDR Series Vented Subwoofer Enclosure | SDR-1X10D2",0.00,0.00,0.00,0.00,AISLE: 8 || LEVEL: 1 || LOC: A7,0,,yes,,
88,SDR-1X12D2,,,,"Skar Audio Single 12"" 1200W Loaded SDR Series Vented Subwoofer Enclosure | SDR-1X12D2",0.00,0.00,0.00,0.00,AISLE: 8 || LEVEL: 1 || LOC: A6,0,,yes,,
89,SDR-1X15D2,,,,"Skar Audio Single 15"" 1200W Loaded SDR Series Vented Subwoofer Enclosure | SDR-1X15D2",0.00,0.00,0.00,0.00,AISLE: 8 || LEVEL: 1 || LOC: A5,0,,yes,,
90,SDR-1X18D2,,,,"Single 18"" 1,200 Watt SDR Series Loaded Vented Subwoofer Enclosure",0.00,0.00,0.00,0.00,AISLE: 8 || LEVEL: 1 || LOC: A10,0,,yes,,
91,SDR-1X8D2,,,,"Single 8"" 700 Watt SDR Series Loaded Vented Subwoofer Enclosure",0.00,0.00,0.00,0.00,AISLE: 8 || LEVEL: 1 || LOC: A8,0,,yes,,
92,SDR-2X10D4,,,,"Dual 10"" 2,400 Watt SDR Series Loaded Vented Subwoofer Enclosure",0.00,0.00,0.00,0.00,AISLE: 8 || LEVEL: 1 || LOC: A3,0,,yes,,
93,SDR-2X12D4,,,,SDR-2X12D4,0.00,0.00,0.00,0.00,AISLE: 8 || LEVEL: 1 || LOC: A1/2,0,,yes,,
94,SDR-2X15D4,,,,"Dual 15"" 2,400 Watt SDR Series Loaded Vented Subwoofer Enclosure",0.00,0.00,0.00,0.00,,0,,yes,,
95,SDR-2X8D4,,,,"Skar Audio Dual 8"" 1400W Loaded SDR Series Vented Subwoofer Enclosure | SDR-2X8D4",0.00,0.00,0.00,0.00,AISLE: 8 || LEVEL: 1 || LOC: A4,0,,yes,,
96,SDR-8 D2,,,,"SDR-8 | 8"" 700 Watt Max Power Car Subwoofer - Dual 2 Ohm",0.00,0.00,0.00,0.00,AISLE: 2 || LEVEL: 1 || LOC: A5,0,,yes,,
97,SDR-8 D4,,,,"Skar Audio SDR-8 D4 8"" 700 Watt Max Power Dual 4 Ohm Car Subwoofer",0.00,0.00,0.00,0.00,AISLE: 2 || LEVEL: 1 || LOC: A6,0,,yes,,
98,SK-M4004D,,,,"Skar Audio SK-M4004D Compact Full-Range Class D 4 Channel Car Amplifier, 400W",0.00,0.00,0.00,0.00,AISLE: 6 || LEVEL: 1 || LOC: A12,0,,yes,,
99,SK-M5001D,,,,SK-M5001D | 500 Watt Monoblock Car Amplifier - Skar Audio SK-M5001D 500 Watt Class D Monoblock Amplifier,0.00,0.00,0.00,0.00,AISLE: 6 || LEVEL: 1 || LOC: A11,0,,yes,,
100,SK-M9005D,,,,"Skar Audio SK-M9005D Compact Full-Range Class D 5 Channel Car Amplifier, 900W",0.00,0.00,0.00,0.00,AISLE: 6 || LEVEL: 1 || LOC: A13,0,,yes,,
101,SK-T,,,,SK-T | 1-Inch 160 Watt Performance Series Silk Dome Tweeters (Pair) - SK-T | 160 Watt Max 1-Inch Neodymium Silk Dome Tweeters - Pair,0.00,0.00,0.00,0.00,AISLE: 7 || LEVEL: 2 || LOC: B12,2,no,yes,,
102,SK100A-ANL-10PK,,,,Skar Audio SK100A-ANL-10PK 100 Amp Fuses,0.00,0.00,0.00,0.00,AISLE: 3 || LEVEL: 2 || LOC: B16,0,,yes,,
103,SK120A-ANL-10PK,,,,Skar Audio SK120A-ANL-10PK 120 Amp Fuses,0.00,0.00,0.00,0.00,AISLE: 3 || LEVEL: 2 || LOC: B16,0,,yes,,
104,SK150A-ANL-10PK,,,,NEW SKAR AUDIO 150 AMP ANL NICKEL PLATED FUSES (10 PACK) - SK150A-ANL-10PK,0.00,0.00,0.00,0.00,AISLE: 3 || LEVEL: 2 || LOC: B16,0,,yes,,
105,SK1X10V,,,,"SK1X10V | Single 10"" Ported Subwoofer Enclosure",0.00,0.00,0.00,0.00,AISLE: 8 || LEVEL: 1 || LOC: A20,0,,yes,,
106,SK1X12V,,,,"SK1X12V | Single 12"" Ported Subwoofer Enclosure",0.00,0.00,0.00,0.00,AISLE: 8 || LEVEL: 1 || LOC: A21,0,,yes,,
107,SK1X15V,,,,"Skar Audio SK1X15V Single 15"" Universal Fit Ported Subwoofer Enclosure",0.00,0.00,0.00,0.00,AISLE: 8 || LEVEL: 1 || LOC: A22,0,,yes,,
108,SK1X18V,,,,"SK1X18V | Single 18"" Ported Subwoofer Enclosure",0.00,0.00,0.00,0.00,AISLE: 8 || LEVEL: 1 || LOC: A23,0,,yes,,
109,SK1X8V,,,,"Skar Audio SK1X8V Single 8"" Universal Fit Ported Subwoofer Enclosure",0.00,0.00,0.00,0.00,,0,,yes,,
110,SK200A-ANL-10PK,,,,Skar Audio SK200A-ANL-10PK 200 Amp Fuses,0.00,0.00,0.00,0.00,AISLE: 3 || LEVEL: 2 || LOC: B16,0,,yes,,
111,SK250A-ANL-10PK,,,,Skar Audio 250 Amp ANL Style Fuses (10-Pack),0.00,0.00,0.00,0.00,AISLE: 3 || LEVEL: 2 || LOC: B15,0,,yes,,
112,SK2X10V,,,,"SK2X10V | Dual 10"" Ported Subwoofer Enclosure",0.00,0.00,0.00,0.00,,0,,yes,,
113,SK2X12V,,,,"SK2X12V | Dual 12"" Ported Subwoofer Enclosure",0.00,0.00,0.00,0.00,AISLE: 8 || LEVEL: 1 || LOC: A16,0,,yes,,
114,SK2X15V,,,,,0.00,0.00,0.00,0.00,,0,,yes,,
115,SK2X8V,,,,"Skar Audio SK2X8V Dual 8"" Universal Fit Ported Subwoofer Enclosure",0.00,0.00,0.00,0.00,AISLE: 8 || LEVEL: 1 || LOC: A18,0,,yes,,
116,SK300A-ANL-10PK,,,,Skar Audio 300 Amp Nickel Plated Anl Fuses (10 Pack) - SK300A-ANL-10PK,0.00,0.00,0.00,0.00,AISLE: 3 || LEVEL: 2 || LOC: B15,0,,yes,,
117,SK35,,,,"Skar Audio SK35 3.5"" 120W 2-Way Performance Coaxial Car Speakers, Pair",0.00,0.00,0.00,0.00,AISLE: 7 || LEVEL: 2 || LOC: B3,0,,yes,,
118,SK4,,,,"SK4 | 4"" 80 Watt Performance Coaxial Car Speakers - Pair - Skar Audio SK4 4-Inch 2-Way Coaxial Speakers - Pair",0.00,0.00,0.00,0.00,AISLE: 7 || LEVEL: 2 || LOC: B4,0,,yes,,
119,SK46,,,,"Skar Audio SK46 4"" x 6"" 120W 2-Way Performance Coaxial Car Speakers, Pair",0.00,0.00,0.00,0.00,AISLE: 7 || LEVEL: 2 || LOC: B13,0,,yes,,
120,SK500A-ANL-10PK,,,,Skar Audio SK500A-ANL-10PK 500 Amp Fuses,0.00,0.00,0.00,0.00,AISLE: 3 || LEVEL: 2 || LOC: B15,0,,yes,,
121,SK525,,,,"Skar Audio SK525 5.25"" 120W 2-Way Performance Coaxial Car Speakers, Pair",0.00,0.00,0.00,0.00,AISLE: 7 || LEVEL: 2 || LOC: B14,0,,yes,,
122,SK65,,,,"SK65 | 6.5"" 160 Watt Performance Coaxial Car Speakers - Pair - Skar Audio SK65 6.5-Inch 2-Way Coaxial Speakers - Pair",0.00,0.00,0.00,0.00,AISLE: 7 || LEVEL: 1 || LOC: A13,0,,yes,,
123,SK65C,,,,"Skar Audio SK65C 6.5"" 2-Way Performance Component Speaker System - Set of 2",0.00,0.00,0.00,0.00,AISLE: 7 || LEVEL: 2 || LOC: B15,0,,yes,,
124,SK65M,,,,"Skar Audio SK65M 6.5"" 2-Way Marine Full Range 320 Watt Coaxial Speakers, Pair (White)",0.00,0.00,0.00,0.00,AISLE: 7 || LEVEL: 1 || LOC: A15,0,,yes,,
125,SK65MB,,,,"SK65MB | Marine 6.5"" Full Range 2-Way 320 Watt Speakers - Black (Pair)",0.00,0.00,0.00,0.00,AISLE: 7 || LEVEL: 1 || LOC: A16,0,,yes,,
126,SK68,,,,"Skar Audio SK68 6"" x 8"" 160W 2-Way Performance Coaxial Car Speakers, Pair",0.00,0.00,0.00,0.00,Out of Stock - No Current Location,0,,yes,,
127,SK69,,,,"Skar Audio SK69 6"" x 9"" 200W 3-Way Full Range Performance Coaxial Car Speakers, Pair",0.00,0.00,0.00,0.00,AISLE: 7 || LEVEL: 1 || LOC: A14,0,,yes,,
128,SKAR0ANL-CCA,,,,"1/0 Gauge - 2,000 Watt CCA Amplifier Wiring Kit (SKAR0ANL-CCA)",0.00,0.00,0.00,0.00,AISLE: 4 || LEVEL: 2 || LOC: B1/2,0,,yes,,
129,SKAR2CH-RCA17,,,,17 Ft 2-Channel Twisted Pair RCA Interconnect Cable (SKAR2CH-RCA17),0.00,0.00,0.00,0.00,AISLE: 0 || LEVEL: 1 || LOC: A7,0,,yes,,
130,SKAR4ANL-CCA,,,,"4 Gauge - 1,200 Watt CCA Amplifier Wiring Kit (SKAR4ANL-CCA)",0.00,0.00,0.00,0.00,AISLE: 6 || LEVEL: 2 || LOC: B2,0,,yes,,
131,SKAR4ANL-OFC,,,,"4 Gauge - 1,500 Watt OFC Amplifier Wiring Kit (SKAR4ANL-OFC)",0.00,0.00,0.00,0.00,AISLE: 6 || LEVEL: 2 || LOC: B1,0,,yes,,
132,SKAR8MANL-CCA,,,,8 Gauge - 600 Watt CCA Amplifier Wiring Kit (SKAR8MANL-CCA),0.00,0.00,0.00,0.00,AISLE: 1 || LEVEL: 2 || LOC: B11/12,0,,yes,,
133,SKAR8MANL-OFC,,,,8 Gauge - 800 Watt OFC Amplifier Wiring Kit (SKAR8MANL-OFC),0.00,0.00,0.00,0.00,AISLE: 1 || LEVEL: 2 || LOC: B9/10,0,,yes,,
134,SKv2-100.4AB,,,,SKv2-100.4AB | 800 Watt 4-Channel Car Amplifier - Skar Audio SKv2-100.4AB 800 Watt Class AB 4-Channel Amplifier,0.00,0.00,0.00,0.00,AISLE: 0 || LEVEL: 3 || LOC: C5,0,,yes,,
135,SKv2-1300.2AB,,,,"SKv2-1300.2AB | 1,300 Watt 2-Channel Car Amplifier - Skar Audio SKv2-1300.2AB 1,300 Watt Class AB 2-Channel Amplifier",0.00,0.00,0.00,0.00,AISLE: 0 || LEVEL: 2 || LOC: B8,0,,yes,,
136,SKv2-1500.1D,,,,"SKv2-1500.1D | 1,500 Watt Monoblock Car Amplifier - Skar Audio SKv2-1500.1D 1,500 Watt Class D Monoblock Amplifier",0.00,0.00,0.00,0.00,AISLE: 0 || LEVEL: 3 || LOC: C1,0,,yes,,
137,SKv2-200.4D,,,,"SKv2-200.4D | 1,600 Watt 4-Channel Car Amplifier - Skar Audio SKv2-200.4D 1,600 Watt Class D 4-Channel Amplifier",0.00,0.00,0.00,0.00,AISLE: 0 || LEVEL: 3 || LOC: C6,0,,yes,,
138,SKv2-2500.1D,,,,"SKv2-2500.1D | 2,500 Watt Monoblock Car Amplifier - Skar Audio SKv2-2500.1D 2,500 Watt Class D Monoblock Amplifier",0.00,0.00,0.00,0.00,AISLE: 0 || LEVEL: 3 || LOC: C2,0,,yes,,
139,SKv2-3500.1D,,,,"SKv2-3500.1D | 3,500 Watt Monoblock Car Amplifier - Skar Audio SKv2-3500.1D 3,500 Watt Class D Monoblock Amplifier",0.00,0.00,0.00,0.00,AISLE: 0 || LEVEL: 3 || LOC: C3,0,,yes,,
140,SKv2-4500.1D,,,,"SKv2-4500.1D | 4,500 Watt Monoblock Car Amplifier - Skar Audio SKv2-4500.1D 4,500 Watt Class D Monoblock Amplifier",0.00,0.00,0.00,0.00,AISLE: 0 || LEVEL: 3 || LOC: C4,0,,yes,,
141,SPX-65C,,,,"SPX-65C | 6.5"" 400 Watt 2-Way Component Speaker System - Skar Audio SPX-65C 6.5-Inch 2-Way Performance Component Speaker System",0.00,0.00,0.00,0.00,Out of Stock - No Current Location,0,,yes,,
142,SPX-T,,,,"Skar Audio SPX-T 1-Inch 320 Watt Max Power Elite Neodymium Aluminum Dome Tweeters, Pair",0.00,0.00,0.00,0.00,AISLE: 6 || LEVEL: 2 || LOC: B5/6,0,,yes,,
143,SVR-10 D2,,,,"SVR-10 | 10"" 1,600 Watt Max Power Car Subwoofer - Dual 2 Ohm",0.00,0.00,0.00,0.00,AISLE: 2 || LEVEL: 1 || LOC: A9,0,,yes,,
144,SVR-10 D4,,,,"Skar Audio SVR-10 D4 10"" 1600 Watt Max Power Dual 4 Ohm Car Subwoofer",0.00,0.00,0.00,0.00,AISLE: 2 || LEVEL: 1 || LOC: A10,0,,yes,,
145,SVR-12 D2,,,,"Skar Audio SVR-12 D2 12"" 1600 Watt Max Power Dual 2 Ohm Car Subwoofer",0.00,0.00,0.00,0.00,AISLE: 2 || LEVEL: 1 || LOC: A11,0,,yes,,
146,SVR-12 D4,,,,"Skar Audio SVR-12 D4 12"" 1600 Watt Max Power Dual 4 Ohm Car Subwoofer",0.00,0.00,0.00,0.00,AISLE: 2 || LEVEL: 1 || LOC: A12,0,,yes,,
147,SVR-15 D2,,,,"SVR-15 | 15"" 1,600 Watt Max Power Car Subwoofer - Dual 2 Ohm",0.00,0.00,0.00,0.00,AISLE: 2 || LEVEL: 1 || LOC: A13,0,,yes,,
148,SVR-15 D4,,,,"SVR-15 | 15"" 1,600 Watt Max Power Car Subwoofer - Dual 4 Ohm",0.00,0.00,0.00,0.00,AISLE: 2 || LEVEL: 1 || LOC: A14,0,,yes,,
149,SVR-8 D2,,,,"SVR-8 | 8"" 800 Watt Max Power Car Subwoofer - Dual 2 Ohm",0.00,0.00,0.00,0.00,AISLE: 2 || LEVEL: 1 || LOC: A7,0,,yes,,
150,SVR-8 D4,,,,"Skar Audio SVR-8 D4 8"" 800 Watt Max Power Dual 4 Ohm Car Subwoofer",0.00,0.00,0.00,0.00,AISLE: 2 || LEVEL: 1 || LOC: A8,0,,yes,,
151,TWS-01,,,,"Skar Audio TWS-01 1-Inch 240 Watt Max Power Neodymium Silk Dome Tweeters, Pair",0.00,0.00,0.00,0.00,AISLE: 6 || LEVEL: 2 || LOC: B9/10,0,,yes,,
152,TX-T,,,,TX-T | 1-Inch 240 Watt Elite Series Silk Dome Tweeters (Pair) - TX-T | 240 Watt Max 1-Inch Neodymium Silk Dome Tweeters - Pair,0.00,0.00,0.00,0.00,AISLE: 5 || LEVEL: 2 || LOC: B7,0,,yes,,
153,TX35,,,,"Skar Audio TX35 3.5"" 120W 2-Way Elite Coaxial Car Speakers, Pair",0.00,0.00,0.00,0.00,AISLE: 5 || LEVEL: 2 || LOC: B3,0,,yes,,
154,TX4,,,,"Skar Audio TX4 4"" 120W 2-Way Elite Coaxial Car Speakers, Pair",0.00,0.00,0.00,0.00,AISLE: 5 || LEVEL: 2 || LOC: B4,0,,yes,,
155,TX46,,,,"TX46 | 4"" x 6"" 140 Watt Elite Coaxial Car Speakers - Pair - Skar Audio TX46 Elite 4-Inch x 6-Inch 2-Way Coaxial Speakers - Pair",0.00,0.00,0.00,0.00,AISLE: 5 || LEVEL: 2 || LOC: B5,0,,yes,,
156,TX525,,,,"TX525 | 5.25"" 160 Watt Elite Coaxial Car Speakers - Pair - Skar Audio TX525 5.25-Inch 2-Way Coaxial Speakers - Pair",0.00,0.00,0.00,0.00,AISLE: 5 || LEVEL: 1 || LOC: A5,0,,yes,,
157,TX525C,,,,"TX525C | 5.25"" 160 Watt 2-Way Elite Component Speaker System - Skar Audio TX525C Elite 5.25-Inch 2-Way Component Speaker System - Pair",0.00,0.00,0.00,0.00,AISLE: 5 || LEVEL: 1 || LOC: A7,0,,yes,,
158,TX65C,,,,"Skar Audio TX65C 6.5"" 2-Way Elite Component Speaker System - Set of 2",0.00,0.00,0.00,0.00,AISLE: 5 || LEVEL: 1 || LOC: A8,0,,yes,,
159,TX68,,,,"Skar Audio TX68 6"" x 8"" 200W 2-Way Elite Coaxial Car Speakers, Pair",0.00,0.00,0.00,0.00,AISLE: 5 || LEVEL: 1 || LOC: A6,0,,yes,,
160,TX69,,,,"Skar Audio TX69 6"" x 9"" 240W 2-Way Elite Coaxial Car Speakers, Pair",0.00,0.00,0.00,0.00,AISLE: 5 || LEVEL: 1 || LOC: A3/4,0,,yes,,
161,VD-10 D2,,,,"NEW SKAR AUDIO VD-10 D2 10"" 800 WATT MAX DUAL 2 OHM SHALLOW MOUNT CAR SUBWOOFER",0.00,0.00,0.00,0.00,AISLE: 4 || LEVEL: 1 || LOC: A5,0,,yes,,
162,VD-10 D4,,,,VD-10 D4,0.00,0.00,0.00,0.00,AISLE: 4 || LEVEL: 1 || LOC: A6,0,,yes,,
163,VD-12 D2,,,,VD-12 D2,0.00,0.00,0.00,0.00,AISLE: 4 || LEVEL: 1 || LOC: A7,0,,yes,,
164,VD-12 D4,,,,"NEW SKAR AUDIO VD-12 D4 12"" 500W RMS DUAL 4 OHM SHALLOW MOUNT CAR SUBWOOFER",0.00,0.00,0.00,0.00,AISLE: 4 || LEVEL: 1 || LOC: A8,0,,yes,,
165,VD-8 D2,,,,"VD-8 | 8"" 600 Watt Max Power Car Subwoofer (Shallow Mount) - Dual 2 Ohm",0.00,0.00,0.00,0.00,AISLE: 4 || LEVEL: 2 || LOC: B3,0,,yes,,
166,VD-8 D4,,,,"NEW SKAR AUDIO VD-8 D4 8"" DUAL 4 OHM 600W MAX POWER SHALLOW MOUNT CAR SUBWOOFER",0.00,0.00,0.00,0.00,AISLE: 4 || LEVEL: 2 || LOC: B4,0,,yes,,
167,VVX-8v3 D2,,,,"NEW SKAR AUDIO VVX-8V3 D2 8"" 800W MAX POWER DUAL 2 SUBWOOFER",0.00,0.00,0.00,0.00,,0,,yes,,
168,VVX-8v3 D4,,,,"Skar Audio VVX-8v3 D4 8"" 800 Watt Max Power Dual 4 Ohm Car Subwoofer",0.00,0.00,0.00,0.00,,0,,yes,,
169,VX1-ST,,,,"VX1-ST | 1"" High Compression Neodymium Super Tweeters - Pair - Skar Audio VX1-ST 240-Watt 1-Inch Neodymium Bullet Tweeters - Pair",0.00,0.00,0.00,0.00,AISLE: 6 || LEVEL: 3 || LOC: C3,0,,yes,,
170,VX1-ST-DIA,,,,"NEW SKAR AUDIO VX1-ST-DIA 1"" REPLACEMENT DIAPHRAGM FOR VX1-ST SUPER TWEETER",0.00,0.00,0.00,0.00,AISLE: 6 || LEVEL: 2 || LOC: B4,0,,yes,,
171,VX175-ST,,,,"VX175-ST | 1.75"" High Compression Aluminum Bullet Super Tweeters - Pair - Skar Audio VX175-ST 1.75-Inch 400 Watt High Compression Aluminum Bullet Tweeters - Pair",0.00,0.00,0.00,0.00,AISLE: 6 || LEVEL: 3 || LOC: C4,0,,yes,,
172,VX200-ST,,,,NEW SKAR AUDIO VX200-ST 1.8-INCH 400 WATT ALUMINUM BULLET SUPER TWEETERS - PAIR,0.00,0.00,0.00,0.00,AISLE: 6 || LEVEL: 3 || LOC: C5,0,,yes,,
173,VX35-ST,,,,"Skar Audio VX35-ST 3.5-Inch 300 Watt RMS High Compression Titanium Bullet Tweeters, Pair",0.00,0.00,0.00,0.00,AISLE: 6 || LEVEL: 3 || LOC: C6,0,,yes,,
174,VX4-ST,,,,"VX4-ST | 4"" High Compression Titanium Bullet Tweeter - Each - Skar Audio VX4-ST 4-inch 600 Watt Max Power Bullet Tweeter",0.00,0.00,0.00,0.00,AISLE: 6 || LEVEL: 3 || LOC: C7,0,,yes,,
175,VXF-12 D2,,,,"VXF-12 | 12"" 3,000 Watt Max Power Car Subwoofer - Dual 2 Ohm",0.00,0.00,0.00,0.00,AISLE: 7 || LEVEL: 1 || LOC: A1,0,,yes,,
176,VXF-12 D4,,,,"VXF-12 | 12"" 3,000 Watt Max Power Car Subwoofer - Dual 4 Ohm",0.00,0.00,0.00,0.00,AISLE: 7 || LEVEL: 1 || LOC: A2,0,,yes,,
177,VXF-15 D4,,,,"Skar Audio VXF-15 D4 15"" 3000 Watt Max Power Dual 4 Ohm Competition Car Subwoofer",0.00,0.00,0.00,0.00,AISLE: 7 || LEVEL: 1 || LOC: A4,0,,yes,,
178,VXI65,,,,,0.00,0.00,0.00,0.00,,0,,yes,,
179,ZVX-12v2 D1,,,,"Skar Audio ZVX-12v2 D1 12"" 3000 Watt Max Power Dual 1 Ohm SPL Car Subwoofer",0.00,0.00,0.00,0.00,AISLE: 7 || LEVEL: 1 || LOC: A7,0,,yes,,
180,ZVX-12v2 D2,,,,"Skar Audio ZVX-12v2 D2 12"" 3000 Watt Max Power Dual 2 Ohm SPL Car Subwoofer",0.00,0.00,0.00,0.00,AISLE: 7 || LEVEL: 1 || LOC: A8,0,,yes,,
181,ZVX-15v2 D1,,,,"Skar Audio ZVX-15v2 D1 15"" 3000 Watt Max Power Dual 1 Ohm SPL Car Subwoofer",0.00,0.00,0.00,0.00,AISLE: 7 || LEVEL: 1 || LOC: A9,0,,yes,,
182,ZVX-15v2 D2,,,,"ZVX-15v2 | 15"" 3,000 Watt Max Power Car Subwoofer - Dual 2 Ohm",0.00,0.00,0.00,0.00,AISLE: 7 || LEVEL: 1 || LOC: A10,0,,yes,,
183,ZVX-18v2 D1,,,,"ZVX-18v2 | 18"" 3,200 Watt Max Power Car Subwoofer - Dual 1 Ohm",0.00,0.00,0.00,0.00,AISLE: 7 || LEVEL: 1 || LOC: A11,0,,yes,,
184,ZVX-18v2 D2,,,,"ZVX-18v2 | 18"" 3,200 Watt Max Power Car Subwoofer - Dual 2 Ohm",0.00,0.00,0.00,0.00,AISLE: 7 || LEVEL: 1 || LOC: A12,0,,yes,,
185,ZVX-8 D2,,,,"ZVX-8 | 8"" 1,100 Watt Max Power Car Subwoofer - Dual 2 Ohm",0.00,0.00,0.00,0.00,AISLE: 7 || LEVEL: 1 || LOC: A5,0,,yes,,
186,ZVX-8 D4,,,,"Skar Audio ZVX-8 D4 8"" 900 Watt Dual 4 Ohm SPL Car Subwoofer",0.00,0.00,0.00,0.00,AISLE: 7 || LEVEL: 1 || LOC: A6,0,,yes,,
187,SK-M BASS CTRL PKG,,,,Skar Audio SK-M Amplifier Series Replacement Bass Knob Control Package,0.00,0.00,0.00,0.00,BUILT TO ORDER || NOT A STOCKED SKU,0,,yes,,
188,SK-STICKER-20X6,,,,"Skar Audio White Window Decal with Logo - 20"" x 6"" (Large)",0.00,0.00,0.00,0.00,,0,,yes,,
189,SK-STICKER-9X3,,,,"Skar Audio White Window Decal with Logo - 9"" x 3"" (Small)",0.00,0.00,0.00,0.00,,0,,yes,,
190,EVL-1X65D4-V-LP,,,,"EVL-1X65D4-V-LP | Low-Profile 6.5"" 400 Watt Loaded Vented Subwoofer Enclosure",0.00,0.00,0.00,0.00,AISLE: 6 || LEVEL: 2 || LOC: B16,0,,yes,,
191,SKA7EQ,,,,SKA7EQ | 7 Band 1/2 DIN Car Audio Pre-Amp Graphic Equalizer,0.00,0.00,0.00,0.00,AISLE: 6 || LEVEL: 3 || LOC: C8,2,no,yes,,
192,EVL-8 D2,,,,"EVL-8 | 8"" 1,200 Watt Max Power Car Subwoofer - Dual 2 Ohm",0.00,0.00,0.00,0.00,AISLE: 3 || LEVEL: 1 || LOC: A3,0,,yes,,
193,EVL-8 D4,,,,"EVL-8 | 8"" 1,200 Watt Max Power Car Subwoofer - Dual 4 Ohm",0.00,0.00,0.00,0.00,AISLE: 3 || LEVEL: 1 || LOC: A4,0,,yes,,
194,SK3X8V,,,,"SK3X8V | Triple 8"" Ported Universal Fit Subwoofer Box",0.00,0.00,0.00,0.00,AISLE: 3 || LEVEL: 2 || LOC: B12,0,,yes,,
195,SK3X10V,,,,"SK3X10V | Triple 10"" Ported Universal Fit Subwoofer Box",0.00,0.00,0.00,0.00,AISLE: 3 || LEVEL: 1 || LOC: A13,0,,yes,,
196,SK3X12V,,,,"SK3X12V | Triple 12"" Ported Universal Fit Subwoofer Box",0.00,0.00,0.00,0.00,AISLE: 3 || LEVEL: 1 || LOC: A14,0,,yes,,
197,AR1X8V,,,,"AR1X8V | Single 8"" Armor Coated Ported Subwoofer Enclosure",0.00,0.00,0.00,0.00,AISLE: 1 || LEVEL: 1 || LOC: A13,0,no,yes,,
198,AR1X10V,,,,"AR1X10V | Single 10"" Armor Coated Ported Subwoofer Enclosure",0.00,0.00,0.00,0.00,AISLE: 1 || LEVEL: 1 || LOC: A14,0,,yes,,
199,AR1X12V,,,,"AR1X12V | Single 12"" Armor Coated Ported Subwoofer Enclosure",0.00,0.00,0.00,0.00,AISLE: 1 || LEVEL: 1 || LOC: A15,0,,yes,,
200,SDR-3X8D2,,,,"Triple 8"" 2,100 Watt Loaded SDR Series Vented Subwoofer Enclosure",0.00,0.00,0.00,0.00,AISLE: 8 || LEVEL: 1 || LOC: A9,0,,yes,,
201,SK-SW8A,,,,"Skar Audio SK-SW8A 8"" 150 Watt Compact Powered Active Low Profile Under-Seat Car Subwoofer",0.00,0.00,0.00,0.00,AISLE: 5 || LEVEL: 2 || LOC: B13/14,0,,yes,,
202,SK8M,,,,"SK8M | Marine 8"" Full Range 2-Way 500 Watt Speakers - White (Pair)",0.00,0.00,0.00,0.00,AISLE: 6 || LEVEL: 1 || LOC: A15/16,0,,yes,,
203,SK8MB,,,,"SK8MB | Marine 8"" Full Range 2-Way 500 Watt Speakers - Black (Pair)",0.00,0.00,0.00,0.00,AISLE: 6 || LEVEL: 1 || LOC: A17/18,0,,yes,,
204,VS-1X10DODCHARG-20152020,,,,,0.00,0.00,0.00,0.00,New SKU - No Location Yet (IN STOCK),0,,yes,,
205,VS.L-DODCHARG-20152020-1X10,,,,,0.00,0.00,0.00,0.00,New SKU - No Location Yet (IN STOCK),0,,yes,,
206,SKAR0ANL-OFC,,,,"1/0 Gauge - 3,000 Watt OFC Amplifier Wiring Kit (SKAR0ANL-OFC)",0.00,0.00,0.00,0.00,AISLE: 5 || LEVEL: 2 || LOC: B1,0,,yes,,
207,SKARRCA-1F2M,,,,1-Female to 2-Male RCA Y-Adapter (1 FT) Cable (SKARRCA-1F2M),0.00,0.00,0.00,0.00,AISLE: 0 || LEVEL: 2 || LOC: B7,0,,yes,,
208,SKARRCA-1M2F,,,,1-Male to 2-Female RCA Y-Adapter (1 FT) Cable (SKARRCA-1M2F),0.00,0.00,0.00,0.00,AISLE: 0 || LEVEL: 2 || LOC: B8,0,,yes,,
209,SKAR2CH-RCA3,,,,3 Ft 2-Channel Twisted Pair RCA Interconnect Cable (SKAR2CH-RCA3),0.00,0.00,0.00,0.00,AISLE: 0 || LEVEL: 2 || LOC: B7,0,,yes,,
210,SKAR2CH-RCA6,,,,6 Ft 2-Channel Twisted Pair RCA Interconnect Cable (SKAR2CH-RCA6),0.00,0.00,0.00,0.00,AISLE: 0 || LEVEL: 2 || LOC: B7,0,,yes,,
211,SKAR2CH-RCA9,,,,9 Ft 2-Channel Twisted Pair RCA Interconnect Cable (SKAR2CH-RCA9),0.00,0.00,0.00,0.00,AISLE: 0 || LEVEL: 2 || LOC: B8,0,,yes,,
212,SKAR2CH-RCA12,,,,Skar Audio 12-Foot 2-Channel Twisted Pair RCA Interconnect Cable - SKAR2CH-RCA12,0.00,0.00,0.00,0.00,AISLE: 0 || LEVEL: 2 || LOC: B8,0,,yes,,
213,SKAR4CH-RCA17,,,,17 Ft 4-Channel Twisted Pair RCA Interconnect Cable (SKAR4CH-RCA17),0.00,0.00,0.00,0.00,AISLE: 0 || LEVEL: 1 || LOC: A8,0,,yes,,
214,SKAR6CH-RCA17,,,,17 Ft 6-Channel Twisted Pair RCA Interconnect Cable (SKAR6CH-RCA17),0.00,0.00,0.00,0.00,AISLE: 0 || LEVEL: 1 || LOC: A8,0,,yes,,
215,SKSPK12GA-30FTCCA,,,,12-Gauge Performance Series (CCA) Speaker Wire - Blue/Brown - 30 Feet,0.00,0.00,0.00,0.00,AISLE: 4 || LEVEL: 2 || LOC: B15/16,0,,yes,,
216,SKSPK12GA-100FTCCA,,,,12-Gauge Performance Series (CCA) Speaker Wire - Blue/Brown - 100 Feet,0.00,0.00,0.00,0.00,AISLE: 4 || LEVEL: 1 || LOC: A15/16,0,,yes,,
217,SKSPK14GA-30FTCCA,,,,14-Gauge Performance Series (CCA) Speaker Wire - Blue/Brown - 30 Feet,0.00,0.00,0.00,0.00,AISLE: 4 || LEVEL: 4 || LOC: D15/16,0,,yes,,
218,SKSPK14GA-100FTCCA,,,,14-Gauge Performance Series (CCA) Speaker Wire - Blue/Brown - 100 Feet,0.00,0.00,0.00,0.00,AISLE: 4 || LEVEL: 3 || LOC: C15/16,0,,yes,,
219,SKSPK10GA-30FTOFC,,,,10-Gauge Elite Series Max-Flex (OFC) Speaker Wire - Blue/White - 30 Feet,0.00,0.00,0.00,0.00,AISLE: 0 || LEVEL: 2 || LOC: B1/2,0,,yes,,
220,SKSPK12GA-30FTOFC,,,,12-Gauge Elite Series Max-Flex (OFC) Speaker Wire - Blue/White - 30 Feet,0.00,0.00,0.00,0.00,AISLE: 0 || LEVEL: 2 || LOC: B3/4,0,,yes,,
221,SKSPK12GA-100FTOFC,,,,12-Gauge Elite Series Max-Flex (OFC) Speaker Wire - Blue/White - 100 Feet,0.00,0.00,0.00,0.00,AISLE: 0 || LEVEL: 2 || LOC: B5/6,0,,yes,,
222,SKSPK14GA-30FTOFC,,,,Skar Audio Elite 14 Gauge Oxygen-Free Copper Speaker Wire - 30 Feet (Blue/White),0.00,0.00,0.00,0.00,AISLE: 0 || LEVEL: 1 || LOC: A1/2,0,,yes,,
223,SKSPK14GA-100FTOFC,,,,Skar Audio Elite 14 Gauge Oxygen-Free Copper Speaker Wire - 100 Feet (Blue/White),0.00,0.00,0.00,0.00,AISLE: 0 || LEVEL: 1 || LOC: A3/4,0,,yes,,
224,RP BASS CTRL PKG,,,,Skar Audio RP Amplifier Series Replacement Bass Knob Control Package,0.00,0.00,0.00,0.00,AISLE: 6 || LEVEL: 1 || LOC: A10,0,,yes,,
225,RP 3500-4500 BASS CTRL PKG,,,,Skar Audio Replacement Bass Knob Control Package for RP-3500.1D & RP-4500.1D,0.00,0.00,0.00,0.00,BUILT TO ORDER || NOT A STOCKED SKU,0,,yes,,
226,LPv2 BASS CTRL PKG,,,,Skar Audio LPv2 Amplifier Series Replacement Bass Knob Control Package,0.00,0.00,0.00,0.00,AISLE: 6 || LEVEL: 1 || LOC: A10,0,,yes,,
227,SKv1 BASS CTRL PKG,,,,Skar Audio SKv1 Amplifier Series Replacement Bass Knob Control Package,0.00,0.00,0.00,0.00,AISLE: 6 || LEVEL: 1 || LOC: A9,0,,yes,,
228,SKv2 BASS CTRL PKG,,,,NEW SKAR AUDIO SKv2 AMPLIFIER SERIES REPLACEMENT BASS KNOB CONTROL PACKAGE,0.00,0.00,0.00,0.00,AISLE: 6 || LEVEL: 1 || LOC: A9,0,,yes,,
229,SK-BANNER-6X2FT,,,,Skar Audio 6 FT x 2 FT Banner,0.00,0.00,0.00,0.00,,0,,yes,,
